query,clicks,impressions,ctr,position
website builder,15345,102300,15.00%,2.2
web builder,289,57750,0.50%,29.5
website builder sites,2640,66000,4.00%,8
web page builder,495,99000,0.50%,34
website builder site,553,110550,0.50%,39.7
websitebuilder site,965,64350,1.50%,18.9
webstore builder,627,125400,0.50%,32.6
develop web,454,90750,0.50%,35.5
ecommerce website creation,58,1440,4.00%,10
builders online store,8,1536,0.50%,25.4
store builder online,9,1752,0.50%,33.3
online storefront builder,19,1248,1.50%,17.2
webvisitenkarte erstellen,2480,16531,15.00%,2.1
website erstellen,52,10434,0.50%,31.7
webpage erstellen,275,6882,4.00%,9.1
erstellen einer website,604,15096,4.00%,6.8
webseiten erstellung,230,15318,1.50%,19.9
erstelle eine website,87,17316,0.50%,28.8
erstellung von webseiten,64,12876,0.50%,20.8
website erstellen kostenlos,9,1890,0.50%,37.5
wix baukasten,0,44,0.50%,34
online shop erstellen agentur,1,67,1.50%,11.1
homepage aufbauen,0,56,0.50%,39.1
wix homepage erstellen,0,84,0.50%,34.6
diseño web,315,3942,8.00%,3.3
diseños web,62,4104,1.50%,13.6
disenos web,46,3078,1.50%,10.7
crear pagina web,114,2860,4.00%,5.5
pagina web crea,15,3036,0.50%,29.9
creando paginas web,7,1452,0.50%,37.3
crear pagina web gratis,62,1548,4.00%,9.3
crear pàgina web gratis,292,1944,15.00%,2.4
crear mi sitio web,0,23,0.50%,33.5
como crear una tienda online desde cero,0,15,1.50%,11.9
como crear mi propia pagina web,2,19,8.00%,4.2
crear mi propia pagina web,0,23,0.50%,37.6
créer un site internet,10,1944,0.50%,25.6
créer des sites internet,15,3024,0.50%,20.6
site internet créer,48,3186,1.50%,14.9
créer un site sur internet,21,4104,0.50%,28.6
créer un site web gratuit,7,1476,0.50%,23.1
créer site web gratuit,31,2088,1.50%,14.8
créer un site web gratuitement,112,2808,4.00%,6.8
creer site web gratuit,10,2016,0.50%,25.6
faire son site,0,35,0.50%,29
wix créer un site,0,21,1.50%,17.1
meilleur site pour créer un blog gratuit,0,19,1.50%,12.8
creer un site de reservation en ligne,3,34,8.00%,3.8
criar site,58,11544,0.50%,39.8
site criar,142,9472,1.50%,17.4
crie um site,1598,10656,15.00%,1.2
cria sites,36,7252,0.50%,30.9
site criador,35,6956,0.50%,22.7
criar s,30,5920,0.50%,32
criar site gratis,25,5082,0.50%,29.2
criar site gratuito,19,3751,0.50%,22.1
criar site google gratuito,3,67,4.00%,7.8
criar um site de apostas,0,62,0.50%,37.4
nuvemshop criar loja,0,84,0.50%,39
fazer blog gratuito,1,97,1.50%,13.9
creare sito web,12,2412,0.50%,24.7
creare un sito web,12,2304,0.50%,29.4
crea sito web,58,1440,4.00%,9
crea il sito web,17,1116,1.50%,13.1
creare sito web gratis,19,1247,1.50%,18.3
creare un sito web gratis,10,1914,0.50%,32.6
crea un sito web gratis,13,899,1.50%,10.1
creatore di siti web gratis,10,2059,0.50%,29.1
creare negozio online gratis,2,50,4.00%,8.6
aprire un sito di vendita online,3,43,8.00%,4.8
fare sito web,0,31,0.50%,22.5
creare sito ecommerce gratis,2,46,4.00%,7.1
 ,0,1,0.00%,61
a,0,1,0.00%,61
!!!,0,3,0.00%,63
123456,0,6,0.00%,66
asdfghjkl qwerty zxcvbnm,0,6,0.00%,84
website builder website builder website builder website builder website builder website builder,0,5,0.00%,80
xxxxxxxxxxxxxxxxxxxxxxxxxxxxxxxxxxxxxxxxxxxxxxxxxxxxxxxxxxxxxxxxxxxxxxxxxxxxxxxxxxxxxxxxxxxxxxxxxxxxxxxxxxxxxxxxxxxxxxxxxxxxxxxxxxxxxxxxxxxxxxxxxxxxxxxxxxxxxxxx,0,7,0.00%,70
